<?xml version="1.0" encoding="UTF-8"?>
<!DOCTYPE score-partwise PUBLIC "-//Recordare//DTD MusicXML 2.0 Partwise//EN" "http://www.musicxml.org/dtds/partwise.dtd">
<score-partwise>
  <identification>
    <encoding>
      <software>MuseScore 1.3</software>
      <encoding-date>2014-12-22</encoding-date>
      </encoding>
    </identification>
  <defaults>
    <scaling>
      <millimeters>7.05556</millimeters>
      <tenths>40</tenths>
      </scaling>
    <page-layout>
      <page-height>1683.78</page-height>
      <page-width>1190.55</page-width>
      <page-margins type="even">
        <left-margin>56.6929</left-margin>
        <right-margin>56.6929</right-margin>
        <top-margin>56.6929</top-margin>
        <bottom-margin>113.386</bottom-margin>
        </page-margins>
      <page-margins type="odd">
        <left-margin>56.6929</left-margin>
        <right-margin>56.6929</right-margin>
        <top-margin>56.6929</top-margin>
        <bottom-margin>113.386</bottom-margin>
        </page-margins>
      </page-layout>
    </defaults>
  <part-list>
    <score-part id="P1">
      <part-name>Flute</part-name>
      <part-abbreviation>Fl.</part-abbreviation>
      <score-instrument id="P1-I3">
        <instrument-name>Flute</instrument-name>
        </score-instrument>
      <midi-instrument id="P1-I3">
        <midi-channel>1</midi-channel>
        <midi-program>74</midi-program>
        <volume>78.7402</volume>
        <pan>0</pan>
        </midi-instrument>
      </score-part>
    </part-list>
  <part id="P1">
    <measure number="1" width="158.18">
      <print>
        <system-layout>
          <system-margins>
            <left-margin>65.78</left-margin>
            <right-margin>0.00</right-margin>
            </system-margins>
          <top-system-distance>70.00</top-system-distance>
          </system-layout>
        </print>
      <attributes>
        <divisions>1</divisions>
        <key>
          <fifths>1</fifths>
          <mode>major</mode>
          </key>
        <time>
          <beats>4</beats>
          <beat-type>4</beat-type>
          </time>
        <clef>
          <sign>G</sign>
          <line>2</line>
          </clef>
        </attributes>
      <note>
        <rest/>
        <duration>4</duration>
        <voice>1</voice>
        </note>
      </measure>
    <measure number="2" width="116.43">
      <attributes>
        <key>
          <fifths>2</fifths>
          <mode>major</mode>
          </key>
        </attributes>
      <note>
        <rest/>
        <duration>4</duration>
        <voice>1</voice>
        </note>
      </measure>
    <measure number="3" width="126.43">
      <attributes>
        <key>
          <fifths>3</fifths>
          <mode>major</mode>
          </key>
        </attributes>
      <note>
        <rest/>
        <duration>4</duration>
        <voice>1</voice>
        </note>
      </measure>
    <measure number="4" width="136.43">
      <attributes>
        <key>
          <fifths>4</fifths>
          <mode>major</mode>
          </key>
        </attributes>
      <note>
        <rest/>
        <duration>4</duration>
        <voice>1</voice>
        </note>
      </measure>
    <measure number="5" width="146.43">
      <attributes>
        <key>
          <fifths>5</fifths>
          <mode>major</mode>
          </key>
        </attributes>
      <note>
        <rest/>
        <duration>4</duration>
        <voice>1</voice>
        </note>
      </measure>
    <measure number="6" width="156.43">
      <attributes>
        <key>
          <fifths>6</fifths>
          <mode>major</mode>
          </key>
        </attributes>
      <note>
        <rest/>
        <duration>4</duration>
        <voice>1</voice>
        </note>
      </measure>
    <measure number="7" width="171.03">
      <attributes>
        <key>
          <fifths>7</fifths>
          <mode>major</mode>
          </key>
        </attributes>
      <note>
        <rest/>
        <duration>4</duration>
        <voice>1</voice>
        </note>
      <barline location="right">
        <bar-style>light-light</bar-style>
        </barline>
      </measure>
    <measure number="8" width="243.24">
      <print new-system="yes">
        <system-layout>
          <system-margins>
            <left-margin>42.50</left-margin>
            <right-margin>0.00</right-margin>
            </system-margins>
          <system-distance>92.50</system-distance>
          </system-layout>
        </print>
      <attributes>
        <key>
          <fifths>-7</fifths>
          <mode>major</mode>
          </key>
        </attributes>
      <note>
        <rest/>
        <duration>4</duration>
        <voice>1</voice>
        </note>
      </measure>
    <measure number="9" width="142.59">
      <attributes>
        <key>
          <fifths>-6</fifths>
          <mode>major</mode>
          </key>
        </attributes>
      <note>
        <rest/>
        <duration>4</duration>
        <voice>1</voice>
        </note>
      </measure>
    <measure number="10" width="132.59">
      <attributes>
        <key>
          <fifths>-5</fifths>
          <mode>major</mode>
          </key>
        </attributes>
      <note>
        <rest/>
        <duration>4</duration>
        <voice>1</voice>
        </note>
      </measure>
    <measure number="11" width="122.59">
      <attributes>
        <key>
          <fifths>-4</fifths>
          <mode>major</mode>
          </key>
        </attributes>
      <note>
        <rest/>
        <duration>4</duration>
        <voice>1</voice>
        </note>
      </measure>
    <measure number="12" width="112.59">
      <attributes>
        <key>
          <fifths>-3</fifths>
          <mode>major</mode>
          </key>
        </attributes>
      <note>
        <rest/>
        <duration>4</duration>
        <voice>1</voice>
        </note>
      </measure>
    <measure number="13" width="102.59">
      <attributes>
        <key>
          <fifths>-2</fifths>
          <mode>major</mode>
          </key>
        </attributes>
      <note>
        <rest/>
        <duration>4</duration>
        <voice>1</voice>
        </note>
      </measure>
    <measure number="14" width="92.59">
      <attributes>
        <key>
          <fifths>-1</fifths>
          <mode>major</mode>
          </key>
        </attributes>
      <note>
        <rest/>
        <duration>4</duration>
        <voice>1</voice>
        </note>
      </measure>
    <measure number="15" width="85.86">
      <attributes>
        <key>
          <fifths>0</fifths>
          <mode>major</mode>
          </key>
        </attributes>
      <note>
        <rest/>
        <duration>4</duration>
        <voice>1</voice>
        </note>
      <barline location="right">
        <bar-style>light-light</bar-style>
        </barline>
      </measure>
    </part>
  </score-partwise>
